account_id,position_id,close_ticket,symbol,symbol_norm,direction,magic,comment_last,open_time_utc,close_time_utc,entry_price,exit_price,price_delta,volume_in,volume_out,profit_sum,swap_sum,commission_sum,net_sum,sl,tp,account_type,server,strategy_id_from_comment,raw_magic_is_bad,strategy_id,strategy_side,bucket_side,timeframe,ea_filename,strategy_mapping_source,strategy_mapping_confidence,strategy_mapping_reason,inference_sample_trades,inference_key,canonical_magic,canonical_bucket,bucket_side_auto_reason,is_exportable,not_exportable_reason
1513550384,463076968,445154266,AUDJPY,AUDJPY,BUY,84,Strategy 5.23.163,2026-06-03 04:45:00+00:00,2026-06-03 23:45:00+00:00,114.756,114.09300000000002,-0.6629999999999825,0.1,0.1,-41.42,0.0,-0.5,-41.92,114.056,115.056,DEMO,FTMO-Demo,5.23.163,False,5.23.163,BUY,BUY,M15,AUDJPY_84_5.23.163_BUY_M15.mq5,ea_symbol_magic_direction,HIGH,exact_match_from_quant_system_db,0,,84,AUDJPY_84_5.23.163_BUY,single_direction,True,
1513550384,461171530,442533823,AUDJPY,AUDJPY,BUY,99,[sl 114.510],2026-06-01 07:30:00+00:00,2026-06-01 09:35:18+00:00,114.58100000000002,114.50800000000001,-0.0730000000000075,0.1,0.1,-4.58,0.0,-0.5,-5.08,,114.823,DEMO,FTMO-Demo,,False,5.21.176,BUY,BUY,M15,AUDJPY_99_5.21.176_BUY_M15.mq5,ea_symbol_magic_direction,HIGH,exact_match_from_quant_system_db,0,,99,AUDJPY_99_5.21.176_BUY,single_direction,True,
1513550384,462191816,443508420,AUDJPY,AUDJPY,BUY,99,[tp 114.655],2026-06-02 08:00:00+00:00,2026-06-02 09:47:50+00:00,114.413,114.655,0.24200000000000443,0.1,0.1,15.15,0.0,-0.5,14.65,,114.655,DEMO,FTMO-Demo,,False,5.21.176,BUY,BUY,M15,AUDJPY_99_5.21.176_BUY_M15.mq5,ea_symbol_magic_direction,HIGH,exact_match_from_quant_system_db,0,,99,AUDJPY_99_5.21.176_BUY,single_direction,True,
1513550384,464252594,445704014,AUDJPY,AUDJPY,BUY,99,[sl 114.064],2026-06-04 09:45:00+00:00,2026-06-04 15:30:01+00:00,114.087,114.062,-0.025000000000005684,0.1,0.1,-1.56,0.0,-0.5,-2.06,,114.349,DEMO,FTMO-Demo,,False,5.21.176,BUY,BUY,M15,AUDJPY_99_5.21.176_BUY_M15.mq5,ea_symbol_magic_direction,HIGH,exact_match_from_quant_system_db,0,,99,AUDJPY_99_5.21.176_BUY,single_direction,True,
1513550384,461048749,442951184,AUDJPY,AUDJPY,BUY,102,[sl 114.012],2026-06-01 03:15:00+00:00,2026-06-01 16:54:04+00:00,114.509,114.012,-0.4969999999999999,0.1,0.1,-31.12,0.0,-0.5,-31.62,114.012,115.012,DEMO,FTMO-Demo,,False,1.8.178,BUY,BUY,M15,AUDJPY_102_1.8.178_BUY_M15.mq5,ea_symbol_magic_direction,HIGH,exact_match_from_quant_system_db,0,,102,AUDJPY_102_1.8.178_BUY,single_direction,True,
1513550384,462082475,444162061,AUDJPY,AUDJPY,BUY,102,Strategy 1.8.178,2026-06-02 04:15:00+00:00,2026-06-02 23:45:00+00:00,114.41600000000001,114.841,0.42499999999998295,0.1,0.1,26.57,0.0,-0.5,26.07,113.916,114.916,DEMO,FTMO-Demo,1.8.178,False,1.8.178,BUY,BUY,M15,AUDJPY_102_1.8.178_BUY_M15.mq5,ea_symbol_magic_direction,HIGH,exact_match_from_quant_system_db,0,,102,AUDJPY_102_1.8.178_BUY,single_direction,True,
1513550384,463038625,444510334,AUDJPY,AUDJPY,BUY,102,[sl 114.312],2026-06-03 03:45:00+00:00,2026-06-03 11:31:02+00:00,114.81000000000002,114.306,-0.5040000000000191,0.1,0.1,-31.59,0.0,-0.5,-32.09,114.312,115.312,DEMO,FTMO-Demo,,False,1.8.178,BUY,BUY,M15,AUDJPY_102_1.8.178_BUY_M15.mq5,ea_symbol_magic_direction,HIGH,exact_match_from_quant_system_db,0,,102,AUDJPY_102_1.8.178_BUY,single_direction,True,
1513550384,461028427,443244527,AUDJPY,AUDJPY,BUY,103,Strategy 2.5.130,2026-06-01 02:30:00+00:00,2026-06-01 23:45:00+00:00,114.47800000000001,114.33,-0.14800000000001035,0.1,0.1,-9.27,0.0,-0.5,-9.77,113.818,114.678,DEMO,FTMO-Demo,2.5.130,False,2.5.130,BUY,BUY,M15,AUDJPY_103_2.5.130_BUY_M15.mq5,ea_symbol_magic_direction,HIGH,exact_match_from_quant_system_db,0,,103,AUDJPY_103_2.5.130_BUY,single_direction,True,
1513550384,462215658,443502520,AUDJPY,AUDJPY,BUY,103,[tp 114.630],2026-06-02 08:45:00+00:00,2026-06-02 09:39:52+00:00,114.43100000000001,114.633,0.20199999999998397,0.1,0.1,12.65,0.0,-0.5,12.15,113.77,114.63,DEMO,FTMO-Demo,,False,2.5.130,BUY,BUY,M15,AUDJPY_103_2.5.130_BUY_M15.mq5,ea_symbol_magic_direction,HIGH,exact_match_from_quant_system_db,0,,103,AUDJPY_103_2.5.130_BUY,single_direction,True,
1513550384,462266448,444162150,AUDUSD,AUDUSD,SELL,85,Strategy 5.32.183,2026-06-02 10:00:00+00:00,2026-06-02 23:45:03+00:00,0.7177599999999998,0.71817,0.0004100000000001325,0.1,0.1,-4.1,0.0,-0.5,-4.6,0.72374,0.71574,DEMO,FTMO-Demo,5.32.183,False,5.32.183,SELL,SELL,M15,AUDUSD_85_5.32.183_SELL_M15.mq5,ea_symbol_magic_direction,HIGH,exact_match_from_quant_system_db,0,,85,AUDUSD_85_5.32.183_SELL,single_direction,True,
1513550384,463401438,444707118,AUDUSD,AUDUSD,SELL,85,[tp 0.71503],2026-06-03 13:15:00+00:00,2026-06-03 15:38:46+00:00,0.71704,0.7150199999999999,-0.002020000000000133,0.1,0.1,20.2,0.0,-0.5,19.7,0.72303,0.71503,DEMO,FTMO-Demo,,False,5.32.183,SELL,SELL,M15,AUDUSD_85_5.32.183_SELL_M15.mq5,ea_symbol_magic_direction,HIGH,exact_match_from_quant_system_db,0,,85,AUDUSD_85_5.32.183_SELL,single_direction,True,
1513550384,464477114,446118081,AUDUSD,AUDUSD,SELL,85,Strategy 5.32.183,2026-06-04 14:30:00+00:00,2026-06-04 23:45:00+00:00,0.71439,0.7133599999999999,-0.0010300000000000864,0.1,0.1,10.3,0.0,-0.5,9.8,0.72036,0.71236,DEMO,FTMO-Demo,5.32.183,False,5.32.183,SELL,SELL,M15,AUDUSD_85_5.32.183_SELL_M15.mq5,ea_symbol_magic_direction,HIGH,exact_match_from_quant_system_db,0,,85,AUDUSD_85_5.32.183_SELL,single_direction,True,
1513550384,462317000,443652833,AUDUSD,AUDUSD,SELL,94,[sl 0.71845],2026-06-02 11:15:03+00:00,2026-06-02 13:48:39+00:00,0.71831,0.71844,0.00012999999999996348,0.1,0.1,-1.3,0.0,-0.5,-1.8,,0.71431,DEMO,FTMO-Demo,,False,0.154053,SELL,SELL,M15,AUDUSD_94_0.154053_SELL_M15.mq5,ea_symbol_magic_direction,HIGH,exact_match_from_quant_system_db,0,,94,AUDUSD_94_0.154053_SELL,single_direction,True,
1513550384,463267704,444545064,AUDUSD,AUDUSD,SELL,94,[sl 0.71654],2026-06-03 10:45:00+00:00,2026-06-03 12:08:11+00:00,0.7167199999999999,0.71654,-0.00017999999999995797,0.1,0.1,1.8,0.0,-0.5,1.3,,0.71272,DEMO,FTMO-Demo,,False,0.154053,SELL,SELL,M15,AUDUSD_94_0.154053_SELL_M15.mq5,ea_symbol_magic_direction,HIGH,exact_match_from_quant_system_db,0,,94,AUDUSD_94_0.154053_SELL,single_direction,True,
1513550384,464382103,445611095,AUDUSD,AUDUSD,SELL,94,[sl 0.71407],2026-06-04 12:45:00+00:00,2026-06-04 14:16:52+00:00,0.71357,0.71407,0.0004999999999999449,0.1,0.1,-5.0,0.0,-0.5,-5.5,,0.70958,DEMO,FTMO-Demo,,False,0.154053,SELL,SELL,M15,AUDUSD_94_0.154053_SELL_M15.mq5,ea_symbol_magic_direction,HIGH,exact_match_from_quant_system_db,0,,94,AUDUSD_94_0.154053_SELL,single_direction,True,
1513550384,461580184,443060852,EURGBP,EURGBP,SELL,100,[tp 0.86441],2026-06-01 16:15:01+00:00,2026-06-01 18:23:16+00:00,0.86535,0.8644,-0.0009500000000000064,0.1,0.1,12.77,0.0,-0.5,12.27,0.86734,0.86441,DEMO,FTMO-Demo,,False,6.65.147,SELL,SELL,M15,EURGBP_100_6.65.147_SELL_M15.mq5,ea_symbol_magic_direction,HIGH,exact_match_from_quant_system_db,0,,100,EURGBP_100_6.65.147_SELL,single_direction,True,
1513550384,462428558,443969366,EURGBP,EURGBP,SELL,100,[tp 0.86375],2026-06-02 14:15:01+00:00,2026-06-02 18:26:32+00:00,0.86456,0.86373,-0.0008299999999999974,0.1,0.1,11.19,0.0,-0.5,10.69,0.86656,0.86375,DEMO,FTMO-Demo,,False,6.65.147,SELL,SELL,M15,EURGBP_100_6.65.147_SELL_M15.mq5,ea_symbol_magic_direction,HIGH,exact_match_from_quant_system_db,0,,100,EURGBP_100_6.65.147_SELL,single_direction,True,
1513550384,463549593,445154265,EURGBP,EURGBP,SELL,100,Strategy 6.65.147,2026-06-03 16:15:00+00:00,2026-06-03 23:45:00+00:00,0.86365,0.86453,0.0008799999999999919,0.1,0.1,-11.81,0.0,-0.5,-12.31,0.86566,0.86272,DEMO,FTMO-Demo,6.65.147,False,6.65.147,SELL,SELL,M15,EURGBP_100_6.65.147_SELL_M15.mq5,ea_symbol_magic_direction,HIGH,exact_match_from_quant_system_db,0,,100,EURGBP_100_6.65.147_SELL,single_direction,True,
1513550384,464597094,446118105,EURGBP,EURGBP,SELL,100,Strategy 6.65.147,2026-06-04 16:15:00+00:00,2026-06-04 23:45:00+00:00,0.8649400000000002,0.865,5.999999999983796e-05,0.1,0.1,-0.81,0.0,-0.5,-1.31,0.86695,0.86407,DEMO,FTMO-Demo,6.65.147,False,6.65.147,SELL,SELL,M15,EURGBP_100_6.65.147_SELL_M15.mq5,ea_symbol_magic_direction,HIGH,exact_match_from_quant_system_db,0,,100,EURGBP_100_6.65.147_SELL,single_direction,True,
1513550384,462235541,444162090,EURUSD,EURUSD,SELL,98,Strategy 3.65.188,2026-06-02 09:15:00+00:00,2026-06-02 23:45:00+00:00,1.16452,1.16317,-0.0013499999999999623,0.1,0.1,13.5,0.0,-0.5,13.0,1.16598,1.16102,DEMO,FTMO-Demo,3.65.188,False,3.65.188,SELL,SELL,M15,EURUSD_98_3.65.188_SELL_M15.mq5,ea_symbol_magic_direction,HIGH,exact_match_from_quant_system_db,0,,98,EURUSD_98_3.65.188_SELL,single_direction,True,
1513550384,461130298,443244506,GBPJPY,GBPJPY,BUY,86,Strategy 5.19.174,2026-06-01 06:00:00+00:00,2026-06-01 23:45:00+00:00,214.596,214.861,0.26499999999998636,0.1,0.1,16.6,0.0,-0.5,16.1,214.093,215.643,DEMO,FTMO-Demo,5.19.174,False,5.19.174,BUY,BUY,M15,GBPJPY_86_5.19.174_BUY_M15.mq5,ea_symbol_magic_direction,HIGH,exact_match_from_quant_system_db,0,,86,GBPJPY_86_5.19.174_BUY,single_direction,True,
1513550384,462174746,444162076,GBPJPY,GBPJPY,BUY,86,Strategy 5.19.174,2026-06-02 07:30:00+00:00,2026-06-02 23:45:00+00:00,214.998,215.36900000000003,0.37100000000003774,0.1,0.1,23.2,0.0,-0.5,22.7,214.501,216.051,DEMO,FTMO-Demo,5.19.174,False,5.19.174,BUY,BUY,M15,GBPJPY_86_5.19.174_BUY_M15.mq5,ea_symbol_magic_direction,HIGH,exact_match_from_quant_system_db,0,,86,GBPJPY_86_5.19.174_BUY,single_direction,True,
1513550384,462166521,443477850,GBPJPY,GBPJPY,BUY,87,[tp 215.114],2026-06-02 07:15:00+00:00,2026-06-02 09:07:01+00:00,214.965,215.118,0.1529999999999916,0.1,0.1,9.58,0.0,-0.5,9.08,214.485,215.114,DEMO,FTMO-Demo,,False,5.51.104,BUY,BUY,M15,GBPJPY_87_5.51.104_BUY_M15.mq5,ea_symbol_magic_direction,HIGH,exact_match_from_quant_system_db,0,,87,GBPJPY_87_5.51.104_BUY,single_direction,True,
1513550384,461257840,442846746,GBPJPY,GBPJPY,BUY,96,[sl 214.565],2026-06-01 10:00:00+00:00,2026-06-01 16:11:44+00:00,214.799,214.56400000000002,-0.23499999999998522,0.1,0.1,-14.73,0.0,-0.5,-15.23,,215.998,DEMO,FTMO-Demo,,False,2.37.164,BUY,BUY,M15,GBPJPY_96_2.37.164_BUY_M15.mq5,ea_symbol_magic_direction,HIGH,exact_match_from_quant_system_db,0,,96,GBPJPY_96_2.37.164_BUY,single_direction,True,
1513550384,462141718,443579802,GBPJPY,GBPJPY,BUY,96,[sl 215.035],2026-06-02 06:15:00+00:00,2026-06-02 11:46:22+00:00,214.9,215.03100000000003,0.13100000000002865,0.1,0.1,8.2,0.0,-0.5,7.699999999999999,,216.101,DEMO,FTMO-Demo,,False,2.37.164,BUY,BUY,M15,GBPJPY_96_2.37.164_BUY_M15.mq5,ea_symbol_magic_direction,HIGH,exact_match_from_quant_system_db,0,,96,GBPJPY_96_2.37.164_BUY,single_direction,True,
1513550384,464166195,445354060,GBPJPY,GBPJPY,BUY,96,[sl 214.519],2026-06-04 06:45:06+00:00,2026-06-04 07:34:13+00:00,214.692,214.493,-0.19900000000001228,0.1,0.1,-12.46,0.0,-0.5,-12.96,,215.892,DEMO,FTMO-Demo,,False,2.37.164,BUY,BUY,M15,GBPJPY_96_2.37.164_BUY_M15.mq5,ea_symbol_magic_direction,HIGH,exact_match_from_quant_system_db,0,,96,GBPJPY_96_2.37.164_BUY,single_direction,True,
1513550384,463187263,444841342,GBPUSD,GBPUSD,BUY,93,[sl 1.34195],2026-06-03 09:00:00+00:00,2026-06-03 17:00:00+00:00,1.34494,1.34172,-0.0032200000000000006,0.1,0.1,-32.2,0.0,-0.5,-32.7,1.34195,1.34845,DEMO,FTMO-Demo,,False,0.111778,BUY,BUY,M15,GBPUSD_93_0.111778_BUY_M15.mq5,ea_symbol_magic_direction,HIGH,exact_match_from_quant_system_db,0,,93,GBPUSD_93_0.111778_BUY,single_direction,True,
1513550384,464281900,445612097,GBPUSD,GBPUSD,BUY,93,[tp 1.34563],2026-06-04 10:30:00+00:00,2026-06-04 14:17:09+00:00,1.34212,1.3456399999999997,0.0035199999999997456,0.1,0.1,35.2,0.0,-0.5,34.7,1.33913,1.3456299999999999,DEMO,FTMO-Demo,,False,0.111778,BUY,BUY,M15,GBPUSD_93_0.111778_BUY_M15.mq5,ea_symbol_magic_direction,HIGH,exact_match_from_quant_system_db,0,,93,GBPUSD_93_0.111778_BUY,single_direction,True,
1513550384,464012576,446118103,NZDUSD,NZDUSD,SELL,23,Strategy 2.12.147,2026-06-04 02:00:00+00:00,2026-06-04 23:45:00+00:00,0.58717,0.58675,-0.00041999999999997595,0.1,0.1,4.2,0.0,-0.5,3.7,0.61536,0.58599,DEMO,FTMO-Demo,2.12.147,False,2.12.147,SELL,SELL,M15,NZDUSD_23_2.12.147_SELL_M15.mq5,ea_symbol_magic_direction,HIGH,exact_match_from_quant_system_db,0,,23,NZDUSD_23_2.12.147_SELL,single_direction,True,
1513550384,461936930,443244505,NZDUSD,NZDUSD,SELL,24,Strategy 4.41.120,2026-06-01 21:30:00+00:00,2026-06-01 23:45:00+00:00,0.59378,0.59347,-0.00030999999999992145,0.1,0.1,3.1,0.0,-0.5,2.6,,0.59095,DEMO,FTMO-Demo,4.41.120,False,4.41.120,SELL,SELL,M15,NZDUSD_24_4.41.120_SELL_M15.mq5,ea_symbol_magic_direction,HIGH,exact_match_from_quant_system_db,0,,24,NZDUSD_24_4.41.120_SELL,single_direction,True,
1513550384,462166535,443452415,NZDUSD,NZDUSD,SELL,24,[sl 0.59373],2026-06-02 07:15:00+00:00,2026-06-02 08:28:22+00:00,0.59325,0.59373,0.00047999999999992493,0.1,0.1,-4.8,0.0,-0.5,-5.3,,0.59136,DEMO,FTMO-Demo,,False,4.41.120,SELL,SELL,M15,NZDUSD_24_4.41.120_SELL_M15.mq5,ea_symbol_magic_direction,HIGH,exact_match_from_quant_system_db,0,,24,NZDUSD_24_4.41.120_SELL,single_direction,True,
1513550384,462953960,444242479,NZDUSD,NZDUSD,SELL,24,[sl 0.59262],2026-06-03 01:45:10+00:00,2026-06-03 03:21:18+00:00,0.59283,0.59262,-0.00020999999999993246,0.1,0.1,2.1,0.0,-0.5,1.6,,0.59098,DEMO,FTMO-Demo,,False,4.41.120,SELL,SELL,M15,NZDUSD_24_4.41.120_SELL_M15.mq5,ea_symbol_magic_direction,HIGH,exact_match_from_quant_system_db,0,,24,NZDUSD_24_4.41.120_SELL,single_direction,True,
1513550384,464030212,445347193,NZDUSD,NZDUSD,SELL,24,[sl 0.58716],2026-06-04 02:45:03+00:00,2026-06-04 07:22:44+00:00,0.58678,0.58718,0.00040000000000006697,0.1,0.1,-4.0,0.0,-0.5,-4.5,,0.58457,DEMO,FTMO-Demo,,False,4.41.120,SELL,SELL,M15,NZDUSD_24_4.41.120_SELL_M15.mq5,ea_symbol_magic_direction,HIGH,exact_match_from_quant_system_db,0,,24,NZDUSD_24_4.41.120_SELL,single_direction,True,
1513550384,462258951,444099206,NZDUSD,NZDUSD,SELL,25,[tp 0.59191],2026-06-02 09:45:00+00:00,2026-06-02 21:21:16+00:00,0.59419,0.59191,-0.0022799999999999487,0.1,0.1,22.8,0.0,-0.5,22.3,0.59656,0.59191,DEMO,FTMO-Demo,,False,5.7.105,SELL,SELL,M15,NZDUSD_25_5.7.105_SELL_M15.mq5,ea_symbol_magic_direction,HIGH,exact_match_from_quant_system_db,0,,25,NZDUSD_25_5.7.105_SELL,single_direction,True,
1513550384,463045357,444374640,NZDUSD,NZDUSD,SELL,25,[tp 0.59098],2026-06-03 04:00:00+00:00,2026-06-03 08:28:28+00:00,0.59307,0.59096,-0.0021099999999999453,0.1,0.1,21.1,0.0,-0.5,20.6,0.59529,0.59098,DEMO,FTMO-Demo,,False,5.7.105,SELL,SELL,M15,NZDUSD_25_5.7.105_SELL_M15.mq5,ea_symbol_magic_direction,HIGH,exact_match_from_quant_system_db,0,,25,NZDUSD_25_5.7.105_SELL,single_direction,True,
1513550384,464012572,446118088,NZDUSD,NZDUSD,SELL,25,Strategy 5.7.105,2026-06-04 02:00:00+00:00,2026-06-04 23:45:00+00:00,0.58717,0.58675,-0.00041999999999997595,0.1,0.1,4.2,0.0,-0.5,3.7,0.58994,0.58461,DEMO,FTMO-Demo,5.7.105,False,5.7.105,SELL,SELL,M15,NZDUSD_25_5.7.105_SELL_M15.mq5,ea_symbol_magic_direction,HIGH,exact_match_from_quant_system_db,0,,25,NZDUSD_25_5.7.105_SELL,single_direction,True,
1513550384,461875192,443244502,NZDUSD,NZDUSD,SELL,26,Strategy 2.6.180,2026-06-01 20:00:00+00:00,2026-06-01 23:45:00+00:00,0.5937,0.59347,-0.00022999999999995246,0.1,0.1,2.3,0.0,-0.5,1.7999999999999998,0.6017,0.5907,DEMO,FTMO-Demo,2.6.180,False,2.6.180,SELL,SELL,M15,NZDUSD_26_2.6.180_SELL_M15.mq5,ea_symbol_magic_direction,HIGH,exact_match_from_quant_system_db,0,,26,NZDUSD_26_2.6.180_SELL,single_direction,True,
1513550384,462205214,444162064,NZDUSD,NZDUSD,SELL,26,Strategy 2.6.180,2026-06-02 08:30:00+00:00,2026-06-02 23:45:00+00:00,0.59363,0.59247,-0.0011599999999999389,0.1,0.1,11.6,0.0,-0.5,11.1,0.60163,0.59063,DEMO,FTMO-Demo,2.6.180,False,2.6.180,SELL,SELL,M15,NZDUSD_26_2.6.180_SELL_M15.mq5,ea_symbol_magic_direction,HIGH,exact_match_from_quant_system_db,0,,26,NZDUSD_26_2.6.180_SELL,single_direction,True,
1513550384,464193816,446118101,NZDUSD,NZDUSD,SELL,26,Strategy 2.6.180,2026-06-04 07:45:00+00:00,2026-06-04 23:45:00+00:00,0.58751,0.58675,-0.0007599999999999829,0.1,0.1,7.6,0.0,-0.5,7.1,0.59551,0.58451,DEMO,FTMO-Demo,2.6.180,False,2.6.180,SELL,SELL,M15,NZDUSD_26_2.6.180_SELL_M15.mq5,ea_symbol_magic_direction,HIGH,exact_match_from_quant_system_db,0,,26,NZDUSD_26_2.6.180_SELL,single_direction,True,
1513550384,465028653,446217352,NZDUSD,NZDUSD,SELL,27,[tp 0.58548],2026-06-05 02:15:13+00:00,2026-06-05 04:21:32+00:00,0.58718,0.58547,-0.0017099999999999893,0.1,0.1,17.1,0.0,-0.5,16.6,,0.58548,DEMO,FTMO-Demo,,False,6.16.107,SELL,SELL,M15,NZDUSD_27_6.16.107_SELL_M15.mq5,ea_symbol_magic_direction,HIGH,exact_match_from_quant_system_db,0,,27,NZDUSD_27_6.16.107_SELL,single_direction,True,
1513550384,464720146,446118100,NZDUSD,NZDUSD,SELL,75,Strategy 4.73.120,2026-06-04 17:30:00+00:00,2026-06-04 23:45:00+00:00,0.58822,0.58675,-0.0014699999999999713,0.1,0.1,14.7,0.0,-0.5,14.2,0.58982,0.58606,DEMO,FTMO-Demo,4.73.120,False,4.73.120,SELL,SELL,M15,NZDUSD_75_4.73.120_SELL_M15.mq5,ea_symbol_magic_direction,HIGH,exact_match_from_quant_system_db,0,,75,NZDUSD_75_4.73.120_SELL,single_direction,True,
1513550384,461290221,442680345,NZDUSD,NZDUSD,BUY,76,[sl 0.59514],2026-06-01 10:45:00+00:00,2026-06-01 12:49:26+00:00,0.59673,0.59514,-0.0015899999999999803,0.1,0.1,-15.9,0.0,-0.5,-16.4,0.59514,0.59796,DEMO,FTMO-Demo,,False,5.71.164,BUY,BUY,M15,NZDUSD_76_5.71.164_BUY_M15.mq5,ea_symbol_magic_direction,HIGH,exact_match_from_quant_system_db,0,,76,NZDUSD_76_5.71.164_BUY,single_direction,True,
1513550384,463210159,444707052,NZDUSD,NZDUSD,BUY,76,[sl 0.58847],2026-06-03 09:30:00+00:00,2026-06-03 15:38:45+00:00,0.59003,0.58848,-0.0015500000000000513,0.1,0.1,-15.5,0.0,-0.5,-16.0,0.58847,0.59127,DEMO,FTMO-Demo,,False,5.71.164,BUY,BUY,M15,NZDUSD_76_5.71.164_BUY_M15.mq5,ea_symbol_magic_direction,HIGH,exact_match_from_quant_system_db,0,,76,NZDUSD_76_5.71.164_BUY,single_direction,True,
1513550384,464159758,445603890,NZDUSD,NZDUSD,BUY,76,[tp 0.58792],2026-06-04 06:30:00+00:00,2026-06-04 14:09:22+00:00,0.58672,0.58793,0.0012099999999999334,0.1,0.1,12.1,0.0,-0.5,11.6,0.58519,0.58792,DEMO,FTMO-Demo,,False,5.71.164,BUY,BUY,M15,NZDUSD_76_5.71.164_BUY_M15.mq5,ea_symbol_magic_direction,HIGH,exact_match_from_quant_system_db,0,,76,NZDUSD_76_5.71.164_BUY,single_direction,True,
1513550384,464477186,446118096,NZDUSD,NZDUSD,SELL,88,Strategy 5.57.183,2026-06-04 14:30:00+00:00,2026-06-04 23:45:00+00:00,0.5883,0.58675,-0.0015500000000000513,0.1,0.1,15.5,0.0,-0.5,15.0,0.59728,0.58628,DEMO,FTMO-Demo,5.57.183,False,5.57.183,SELL,SELL,M15,NZDUSD_88_5.57.183_SELL_M15.mq5,ea_symbol_magic_direction,HIGH,exact_match_from_quant_system_db,0,,88,NZDUSD_88_5.57.183_SELL,single_direction,True,
1513550384,462453319,444162050,NZDUSD,NZDUSD,SELL,97,Strategy 3.8.175,2026-06-02 15:00:00+00:00,2026-06-02 23:45:00+00:00,0.59342,0.59247,-0.0009499999999998954,0.1,0.1,9.5,0.0,-0.5,9.0,0.59892,0.59142,DEMO,FTMO-Demo,3.8.175,False,3.8.175,SELL,SELL,M15,NZDUSD_97_3.8.175_SELL_M15.mq5,ea_symbol_magic_direction,HIGH,exact_match_from_quant_system_db,0,,97,NZDUSD_97_3.8.175_SELL,single_direction,True,
1513550384,461290153,442847279,US500.cash,US500,BUY,28,[sl 7582.12],2026-06-01 10:45:00+00:00,2026-06-01 16:11:50+00:00,7596.680000000001,7581.970000000001,-14.710000000000036,0.1,0.1,-1.47,0.0,0.0,-1.47,7582.12,7620.05,DEMO,FTMO-Demo,,False,3.8.114,BUY,BUY,M15,US500.cash_28_3.8.114_BUY_M15.mq5,ea_symbol_magic_direction,HIGH,exact_match_from_quant_system_db,0,,28,US500_28_3.8.114_BUY,single_direction,True,
1513550384,462992334,444805991,US500.cash,US500,BUY,28,[sl 7581.44],2026-06-03 02:30:00+00:00,2026-06-03 16:44:59+00:00,7600.13,7581.38,-18.75,0.1,0.1,-1.88,0.0,0.0,-1.88,7581.44,7626.54,DEMO,FTMO-Demo,,False,3.8.114,BUY,BUY,M15,US500.cash_28_3.8.114_BUY_M15.mq5,ea_symbol_magic_direction,HIGH,exact_match_from_quant_system_db,0,,28,US500_28_3.8.114_BUY,single_direction,True,
1513550384,465009445,446196868,US500.cash,US500,BUY,28,[sl 7546.40],2026-06-05 01:30:03+00:00,2026-06-05 03:52:23+00:00,7569.470000000001,7546.33,-23.140000000001237,0.1,0.1,-2.31,0.0,0.0,-2.31,7546.4,7604.01,DEMO,FTMO-Demo,,False,3.8.114,BUY,BUY,M15,US500.cash_28_3.8.114_BUY_M15.mq5,ea_symbol_magic_direction,HIGH,exact_match_from_quant_system_db,0,,28,US500_28_3.8.114_BUY,single_direction,True,
1513550384,460976840,442309432,US500.cash,US500,BUY,29,[sl 7580.62],2026-06-01 01:05:00+00:00,2026-06-01 01:16:08+00:00,7576.66,7580.62,3.9600000000000364,0.1,0.1,0.4,0.0,0.0,0.4,,7585.91,DEMO,FTMO-Demo,,False,3.32.156,BUY,BUY,M15,US500.cash_29_3.32.156_BUY_M15.mq5,ea_symbol_magic_direction,HIGH,exact_match_from_quant_system_db,0,,29,US500_29_3.32.156_BUY,single_direction,True,
1513550384,461987729,443532057,US500.cash,US500,BUY,29,[sl 7591.98],2026-06-02 01:05:00+00:00,2026-06-02 10:28:34+00:00,7591.26,7591.78,0.5199999999995271,0.1,0.1,0.05,0.0,0.0,0.05,,7600.31,DEMO,FTMO-Demo,,False,3.32.156,BUY,BUY,M15,US500.cash_29_3.32.156_BUY_M15.mq5,ea_symbol_magic_direction,HIGH,exact_match_from_quant_system_db,0,,29,US500_29_3.32.156_BUY,single_direction,True,
1513550384,462974500,444226511,US500.cash,US500,BUY,29,[sl 7610.23],2026-06-03 02:15:00+00:00,2026-06-03 02:45:02+00:00,7605.68,7610.13,4.449999999999818,0.1,0.1,0.45,0.0,0.0,0.45,,7614.93,DEMO,FTMO-Demo,,False,3.32.156,BUY,BUY,M15,US500.cash_29_3.32.156_BUY_M15.mq5,ea_symbol_magic_direction,HIGH,exact_match_from_quant_system_db,0,,29,US500_29_3.32.156_BUY,single_direction,True,
1513550384,463989570,445193028,US500.cash,US500,BUY,29,[sl 7531.53],2026-06-04 01:15:00+00:00,2026-06-04 02:00:47+00:00,7529.37,7531.27,1.9000000000005457,0.1,0.1,0.19,0.0,0.0,0.19,,7538.72,DEMO,FTMO-Demo,,False,3.32.156,BUY,BUY,M15,US500.cash_29_3.32.156_BUY_M15.mq5,ea_symbol_magic_direction,HIGH,exact_match_from_quant_system_db,0,,29,US500_29_3.32.156_BUY,single_direction,True,
1513550384,463199027,444694461,US500.cash,US500,BUY,82,[sl 7598.59],2026-06-03 09:15:00+00:00,2026-06-03 15:30:22+00:00,7607.98,7598.58,-9.399999999999636,0.1,0.1,-0.94,0.0,0.0,-0.94,7598.59,7624.23,DEMO,FTMO-Demo,,False,2.67.165,BUY,BUY,M15,US500.cash_82_2.67.165_BUY_M15.mq5,ea_symbol_magic_direction,HIGH,exact_match_from_quant_system_db,0,,82,US500_82_2.67.165_BUY,single_direction,True,
1513550384,463517910,444802091,US500.cash,US500,BUY,82,[sl 7586.00],2026-06-03 15:45:00+00:00,2026-06-03 16:44:22+00:00,7597.38,7585.88,-11.5,0.1,0.1,-1.15,0.0,0.0,-1.15,7586.0,7611.4,DEMO,FTMO-Demo,,False,2.67.165,BUY,BUY,M15,US500.cash_82_2.67.165_BUY_M15.mq5,ea_symbol_magic_direction,HIGH,exact_match_from_quant_system_db,0,,82,US500_82_2.67.165_BUY,single_direction,True,
1513550384,462247618,443593997,USDCAD,USDCAD,BUY,30,[tp 1.38494],2026-06-02 09:30:00+00:00,2026-06-02 12:09:10+00:00,1.38399,1.38495,0.0009599999999998499,0.1,0.1,6.93,0.0,-0.5,6.43,1.37598,1.38494,DEMO,FTMO-Demo,,False,2.34.141,BUY,BUY,M15,USDCAD_30_2.34.141_BUY_M15.mq5,ea_symbol_magic_direction,HIGH,exact_match_from_quant_system_db,0,,30,USDCAD_30_2.34.141_BUY,single_direction,True,
1513550384,462950009,444414636,USDCAD,USDCAD,BUY,30,[tp 1.38558],2026-06-03 01:30:00+00:00,2026-06-03 09:23:10+00:00,1.38404,1.38561,0.0015700000000000713,0.1,0.1,11.33,0.0,-0.5,10.83,1.37604,1.38558,DEMO,FTMO-Demo,,False,2.34.141,BUY,BUY,M15,USDCAD_30_2.34.141_BUY_M15.mq5,ea_symbol_magic_direction,HIGH,exact_match_from_quant_system_db,0,,30,USDCAD_30_2.34.141_BUY,single_direction,True,
1513550384,464643815,445942218,USDCAD,USDCAD,BUY,30,[tp 1.39008],2026-06-04 16:45:00+00:00,2026-06-04 18:18:37+00:00,1.3883,1.39011,0.0018099999999998673,0.1,0.1,13.02,0.0,-0.5,12.52,1.3803,1.39008,DEMO,FTMO-Demo,,False,2.34.141,BUY,BUY,M15,USDCAD_30_2.34.141_BUY_M15.mq5,ea_symbol_magic_direction,HIGH,exact_match_from_quant_system_db,0,,30,USDCAD_30_2.34.141_BUY,single_direction,True,
1513550384,462266443,444162143,USDCAD,USDCAD,BUY,31,Strategy 3.2.189,2026-06-02 10:00:00+00:00,2026-06-02 23:45:02+00:00,1.38378,1.38385,7.00000000000145e-05,0.1,0.1,0.51,0.0,-0.5,0.010000000000000009,1.38075,1.38775,DEMO,FTMO-Demo,3.2.189,False,3.2.189,BUY,BUY,M15,USDCAD_31_3.2.189_BUY_M15.mq5,ea_symbol_magic_direction,HIGH,exact_match_from_quant_system_db,0,,31,USDCAD_31_3.2.189_BUY,single_direction,True,
1513550384,464477130,446118107,USDCAD,USDCAD,BUY,31,Strategy 3.2.189,2026-06-04 14:30:00+00:00,2026-06-04 23:45:00+00:00,1.3892299999999997,1.39065,0.0014200000000001989,0.1,0.1,10.21,0.0,-0.5,9.71,1.38628,1.39328,DEMO,FTMO-Demo,3.2.189,False,3.2.189,BUY,BUY,M15,USDCAD_31_3.2.189_BUY_M15.mq5,ea_symbol_magic_direction,HIGH,exact_match_from_quant_system_db,0,,31,USDCAD_31_3.2.189_BUY,single_direction,True,
1513550384,462235584,444162139,USDCAD,USDCAD,BUY,32,Strategy 4.16.175,2026-06-02 09:15:00+00:00,2026-06-02 23:45:02+00:00,1.38419,1.38385,-0.00034000000000000696,0.1,0.1,-2.46,0.0,-0.5,-2.96,,1.38556,DEMO,FTMO-Demo,4.16.175,False,4.16.175,BUY,BUY,M15,USDCAD_32_4.16.175_BUY_M15.mq5,ea_symbol_magic_direction,HIGH,exact_match_from_quant_system_db,0,,32,USDCAD_32_4.16.175_BUY,single_direction,True,
1513550384,463981437,445432604,USDCAD,USDCAD,BUY,32,[tp 1.39137],2026-06-04 01:00:00+00:00,2026-06-04 10:10:33+00:00,1.3894999999999997,1.39137,0.0018700000000002603,0.1,0.1,13.44,0.0,-0.5,12.94,,1.39137,DEMO,FTMO-Demo,,False,4.16.175,BUY,BUY,M15,USDCAD_32_4.16.175_BUY_M15.mq5,ea_symbol_magic_direction,HIGH,exact_match_from_quant_system_db,0,,32,USDCAD_32_4.16.175_BUY,single_direction,True,
1513550384,464643805,446107691,USDCAD,USDCAD,BUY,32,[tp 1.39063],2026-06-04 16:45:00+00:00,2026-06-04 23:06:00+00:00,1.38829,1.39063,0.0023400000000000087,0.1,0.1,16.83,0.0,-0.5,16.33,,1.39063,DEMO,FTMO-Demo,,False,4.16.175,BUY,BUY,M15,USDCAD_32_4.16.175_BUY_M15.mq5,ea_symbol_magic_direction,HIGH,exact_match_from_quant_system_db,0,,32,USDCAD_32_4.16.175_BUY,single_direction,True,
1513550384,461223532,443244510,USDCAD,USDCAD,BUY,33,Strategy 5.11.180,2026-06-01 09:15:00+00:00,2026-06-01 23:45:00+00:00,1.38044,1.38382,0.0033800000000001607,0.1,0.1,24.43,0.0,-0.5,23.93,1.37745,1.3989500000000001,DEMO,FTMO-Demo,5.11.180,False,5.11.180,BUY,BUY,M15,USDCAD_33_5.11.180_BUY_M15.mq5,ea_symbol_magic_direction,HIGH,exact_match_from_quant_system_db,0,,33,USDCAD_33_5.11.180_BUY,single_direction,True,
1513550384,462235586,444162141,USDCAD,USDCAD,BUY,33,Strategy 5.11.180,2026-06-02 09:15:00+00:00,2026-06-02 23:45:02+00:00,1.38419,1.38385,-0.00034000000000000696,0.1,0.1,-2.46,0.0,-0.5,-2.96,1.38118,1.40268,DEMO,FTMO-Demo,5.11.180,False,5.11.180,BUY,BUY,M15,USDCAD_33_5.11.180_BUY_M15.mq5,ea_symbol_magic_direction,HIGH,exact_match_from_quant_system_db,0,,33,USDCAD_33_5.11.180_BUY,single_direction,True,
1513550384,463981436,446118098,USDCAD,USDCAD,BUY,33,Strategy 5.11.180,2026-06-04 01:00:00+00:00,2026-06-04 23:45:00+00:00,1.3894999999999997,1.39065,0.0011500000000002064,0.1,0.1,8.27,0.0,-0.5,7.77,1.3865,1.408,DEMO,FTMO-Demo,5.11.180,False,5.11.180,BUY,BUY,M15,USDCAD_33_5.11.180_BUY_M15.mq5,ea_symbol_magic_direction,HIGH,exact_match_from_quant_system_db,0,,33,USDCAD_33_5.11.180_BUY,single_direction,True,
1513550384,460973641,442580310,USDCAD,USDCAD,BUY,34,[tp 1.38179],2026-06-01 00:45:05+00:00,2026-06-01 10:43:03+00:00,1.37979,1.38179,0.0020000000000000018,0.1,0.1,14.47,0.0,-0.5,13.97,1.37629,1.38179,DEMO,FTMO-Demo,,False,1.8.187,BUY,BUY,M15,USDCAD_34_1.8.187_BUY_M15.mq5,ea_symbol_magic_direction,HIGH,exact_match_from_quant_system_db,0,,34,USDCAD_34_1.8.187_BUY,single_direction,True,
1513550384,461986179,444162142,USDCAD,USDCAD,BUY,34,Strategy 1.8.187,2026-06-02 01:00:00+00:00,2026-06-02 23:45:02+00:00,1.3842,1.38385,-0.0003500000000000725,0.1,0.1,-2.5300000000000002,0.0,-0.5,-3.0300000000000002,1.38082,1.38632,DEMO,FTMO-Demo,1.8.187,False,1.8.187,BUY,BUY,M15,USDCAD_34_1.8.187_BUY_M15.mq5,ea_symbol_magic_direction,HIGH,exact_match_from_quant_system_db,0,,34,USDCAD_34_1.8.187_BUY,single_direction,True,
1513550384,461258024,442657064,USDCAD,USDCAD,BUY,51,[tp 1.38205],2026-06-01 10:00:00+00:00,2026-06-01 12:22:42+00:00,1.38048,1.3820499999999998,0.0015699999999998493,0.1,0.1,11.36,0.0,-0.5,10.86,1.37648,1.38205,DEMO,FTMO-Demo,,False,6.27.122,BUY,BUY,M15,USDCAD_51_6.27.122_BUY_M15.mq5,ea_symbol_magic_direction,HIGH,exact_match_from_quant_system_db,0,,51,USDCAD_51_6.27.122_BUY,single_direction,True,
1513550384,462235582,443605808,USDCAD,USDCAD,BUY,51,[tp 1.38531],2026-06-02 09:15:00+00:00,2026-06-02 12:24:55+00:00,1.38419,1.38531,0.0011200000000000099,0.1,0.1,8.08,0.0,-0.5,7.58,1.38018,1.38531,DEMO,FTMO-Demo,,False,6.27.122,BUY,BUY,M15,USDCAD_51_6.27.122_BUY_M15.mq5,ea_symbol_magic_direction,HIGH,exact_match_from_quant_system_db,0,,51,USDCAD_51_6.27.122_BUY,single_direction,True,
1513550384,462395998,444162140,USDCAD,USDCAD,BUY,51,Strategy_6_27_122,2026-06-02 13:15:00+00:00,2026-06-02 23:45:02+00:00,1.3850199999999997,1.38385,-0.0011699999999996713,0.1,0.1,-8.45,0.0,-0.5,-8.95,1.38102,1.3863699999999999,DEMO,FTMO-Demo,6.27.122,False,6.27.122,BUY,BUY,M15,USDCAD_51_6.27.122_BUY_M15.mq5,ea_symbol_magic_direction,HIGH,exact_match_from_quant_system_db,0,,51,USDCAD_51_6.27.122_BUY,single_direction,True,
1513550384,463027194,444415783,USDCAD,USDCAD,BUY,51,[tp 1.38574],2026-06-03 03:30:07+00:00,2026-06-03 09:23:50+00:00,1.38413,1.38574,0.0016099999999998893,0.1,0.1,11.62,0.0,-0.5,11.12,1.38013,1.38574,DEMO,FTMO-Demo,,False,6.27.122,BUY,BUY,M15,USDCAD_51_6.27.122_BUY_M15.mq5,ea_symbol_magic_direction,HIGH,exact_match_from_quant_system_db,0,,51,USDCAD_51_6.27.122_BUY,single_direction,True,
1513550384,464220926,445449247,USDCAD,USDCAD,BUY,51,[tp 1.39222],2026-06-04 08:45:00+00:00,2026-06-04 10:37:12+00:00,1.39078,1.39222,0.0014400000000001079,0.1,0.1,10.34,0.0,-0.5,9.84,1.38678,1.39222,DEMO,FTMO-Demo,,False,6.27.122,BUY,BUY,M15,USDCAD_51_6.27.122_BUY_M15.mq5,ea_symbol_magic_direction,HIGH,exact_match_from_quant_system_db,0,,51,USDCAD_51_6.27.122_BUY,single_direction,True,
1513550384,461153868,442729010,USDCAD,USDCAD,SELL,77,[sl 1.38286],2026-06-01 06:45:04+00:00,2026-06-01 14:03:30+00:00,1.3812399999999998,1.38289,0.0016500000000001513,0.1,0.1,-11.93,0.0,-0.5,-12.43,1.38286,1.37994,DEMO,FTMO-Demo,,False,3.51.113,SELL,SELL,M15,USDCAD_77_3.51.113_SELL_M15.mq5,ea_symbol_magic_direction,HIGH,exact_match_from_quant_system_db,0,,77,USDCAD_77_3.51.113_SELL,single_direction,True,
1513550384,463122481,444416675,USDCAD,USDCAD,SELL,77,[sl 1.38587],2026-06-03 06:45:00+00:00,2026-06-03 09:24:27+00:00,1.38466,1.38585,0.0011900000000000244,0.1,0.1,-8.59,0.0,-0.5,-9.09,1.38587,1.38369,DEMO,FTMO-Demo,,False,3.51.113,SELL,SELL,M15,USDCAD_77_3.51.113_SELL_M15.mq5,ea_symbol_magic_direction,HIGH,exact_match_from_quant_system_db,0,,77,USDCAD_77_3.51.113_SELL,single_direction,True,
1513550384,462266426,443566887,USDCAD,USDCAD,BUY,89,[tp 1.38444],2026-06-02 10:00:00+00:00,2026-06-02 11:23:12+00:00,1.38378,1.38442,0.0006399999999999739,0.1,0.1,4.62,0.0,-0.5,4.12,1.3818,1.3844400000000001,DEMO,FTMO-Demo,,False,2.32.160,BUY,BUY,M15,USDCAD_89_2.32.160_BUY_M15.mq5,ea_symbol_magic_direction,HIGH,exact_match_from_quant_system_db,0,,89,USDCAD_89_2.32.160_BUY,single_direction,True,
1513550384,461153867,443244503,USDCAD,USDCAD,BUY,90,Strategy 4.13.167,2026-06-01 06:45:04+00:00,2026-06-01 23:45:00+00:00,1.38129,1.38382,0.0025300000000001432,0.1,0.1,18.28,0.0,-0.5,17.78,1.37629,1.3912900000000001,DEMO,FTMO-Demo,4.13.167,False,4.13.167,BUY,BUY,M15,USDCAD_90_4.13.167_BUY_M15.mq5,ea_symbol_magic_direction,HIGH,exact_match_from_quant_system_db,0,,90,USDCAD_90_4.13.167_BUY,single_direction,True,
1513550384,462335115,444162138,USDCAD,USDCAD,BUY,90,Strategy 4.13.167,2026-06-02 11:45:00+00:00,2026-06-02 23:45:02+00:00,1.3845599999999998,1.38385,-0.0007099999999997664,0.1,0.1,-5.13,0.0,-0.5,-5.63,1.3795600000000001,1.39456,DEMO,FTMO-Demo,4.13.167,False,4.13.167,BUY,BUY,M15,USDCAD_90_4.13.167_BUY_M15.mq5,ea_symbol_magic_direction,HIGH,exact_match_from_quant_system_db,0,,90,USDCAD_90_4.13.167_BUY,single_direction,True,
1513550384,463109087,445154230,USDCAD,USDCAD,BUY,90,Strategy 4.13.167,2026-06-03 06:00:00+00:00,2026-06-03 23:45:00+00:00,1.3845,1.38968,0.005179999999999962,0.1,0.1,37.27,0.0,-0.5,36.77,1.3795,1.3945,DEMO,FTMO-Demo,4.13.167,False,4.13.167,BUY,BUY,M15,USDCAD_90_4.13.167_BUY_M15.mq5,ea_symbol_magic_direction,HIGH,exact_match_from_quant_system_db,0,,90,USDCAD_90_4.13.167_BUY,single_direction,True,
1513550384,464154266,446118089,USDCAD,USDCAD,BUY,90,Strategy 4.13.167,2026-06-04 06:15:00+00:00,2026-06-04 23:45:00+00:00,1.39029,1.39065,0.00035999999999991594,0.1,0.1,2.59,0.0,-0.5,2.09,1.38529,1.40029,DEMO,FTMO-Demo,4.13.167,False,4.13.167,BUY,BUY,M15,USDCAD_90_4.13.167_BUY_M15.mq5,ea_symbol_magic_direction,HIGH,exact_match_from_quant_system_db,0,,90,USDCAD_90_4.13.167_BUY,single_direction,True,
1513550384,461536983,442852504,USDCAD,USDCAD,BUY,91,[tp 1.38404],2026-06-01 16:00:00+00:00,2026-06-01 16:12:30+00:00,1.3827,1.38404,0.0013399999999998968,0.1,0.1,9.68,0.0,-0.5,9.18,1.37913,1.38404,DEMO,FTMO-Demo,,False,5.27.145,BUY,BUY,M15,USDCAD_91_5.27.145_BUY_M15.mq5,ea_symbol_magic_direction,HIGH,exact_match_from_quant_system_db,0,,91,USDCAD_91_5.27.145_BUY,single_direction,True,
1513550384,462082519,443812301,USDCAD,USDCAD,BUY,91,[sl 1.38149],2026-06-02 04:15:00+00:00,2026-06-02 16:37:57+00:00,1.38439,1.38149,-0.0028999999999999027,0.1,0.1,-20.99,0.0,-0.5,-21.49,1.3814899999999999,1.38551,DEMO,FTMO-Demo,,False,5.27.145,BUY,BUY,M15,USDCAD_91_5.27.145_BUY_M15.mq5,ea_symbol_magic_direction,HIGH,exact_match_from_quant_system_db,0,,91,USDCAD_91_5.27.145_BUY,single_direction,True,
1513550384,463027193,444372853,USDCAD,USDCAD,BUY,91,[tp 1.38523],2026-06-03 03:30:07+00:00,2026-06-03 08:26:59+00:00,1.38413,1.38523,0.0010999999999998789,0.1,0.1,7.9399999999999995,0.0,-0.5,7.4399999999999995,1.38127,1.38523,DEMO,FTMO-Demo,,False,5.27.145,BUY,BUY,M15,USDCAD_91_5.27.145_BUY_M15.mq5,ea_symbol_magic_direction,HIGH,exact_match_from_quant_system_db,0,,91,USDCAD_91_5.27.145_BUY,single_direction,True,
1513550384,463267702,444512830,USDCAD,USDCAD,BUY,91,[tp 1.38577],2026-06-03 10:45:00+00:00,2026-06-03 11:33:27+00:00,1.38471,1.3857599999999999,0.0010499999999997733,0.1,0.1,7.58,0.0,-0.5,7.08,1.38199,1.38577,DEMO,FTMO-Demo,,False,5.27.145,BUY,BUY,M15,USDCAD_91_5.27.145_BUY_M15.mq5,ea_symbol_magic_direction,HIGH,exact_match_from_quant_system_db,0,,91,USDCAD_91_5.27.145_BUY,single_direction,True,
1513550384,464012612,445328293,USDCAD,USDCAD,BUY,91,[tp 1.39039],2026-06-04 02:00:00+00:00,2026-06-04 06:31:33+00:00,1.3891899999999997,1.3904,0.0012100000000003774,0.1,0.1,8.7,0.0,-0.5,8.2,1.3860700000000001,1.39039,DEMO,FTMO-Demo,,False,5.27.145,BUY,BUY,M15,USDCAD_91_5.27.145_BUY_M15.mq5,ea_symbol_magic_direction,HIGH,exact_match_from_quant_system_db,0,,91,USDCAD_91_5.27.145_BUY,single_direction,True,
1513550384,461223534,442574648,USDCAD,USDCAD,BUY,92,[tp 1.38132],2026-06-01 09:15:00+00:00,2026-06-01 10:35:47+00:00,1.38045,1.3813199999999999,0.0008699999999999264,0.1,0.1,6.3,0.0,-0.5,5.8,1.37545,1.38132,DEMO,FTMO-Demo,,False,5.59.107,BUY,BUY,M15,USDCAD_92_5.59.107_BUY_M15.mq5,ea_symbol_magic_direction,HIGH,exact_match_from_quant_system_db,0,,92,USDCAD_92_5.59.107_BUY,single_direction,True,
1513550384,462235579,443580886,USDCAD,USDCAD,BUY,92,[tp 1.38481],2026-06-02 09:15:00+00:00,2026-06-02 11:48:30+00:00,1.38419,1.38481,0.0006200000000000649,0.1,0.1,4.48,0.0,-0.5,3.9800000000000004,1.37918,1.3848099999999999,DEMO,FTMO-Demo,,False,5.59.107,BUY,BUY,M15,USDCAD_92_5.59.107_BUY_M15.mq5,ea_symbol_magic_direction,HIGH,exact_match_from_quant_system_db,0,,92,USDCAD_92_5.59.107_BUY,single_direction,True,
1513550384,461117623,442802952,USDCHF,USDCHF,SELL,35,[sl 0.78453],2026-06-01 05:30:00+00:00,2026-06-01 15:43:43+00:00,0.78323,0.78455,0.0013199999999999878,0.1,0.1,-16.82,0.0,-0.5,-17.32,0.78453,0.78204,DEMO,FTMO-Demo,,False,3.1.133,SELL,SELL,M15,USDCHF_35_3.1.133_SELL_M15.mq5,ea_symbol_magic_direction,HIGH,exact_match_from_quant_system_db,0,,35,USDCHF_35_3.1.133_SELL,single_direction,True,
1513550384,462192009,444036045,USDCHF,USDCHF,BUY,36,[tp 0.78734],2026-06-02 08:00:01+00:00,2026-06-02 19:42:35+00:00,0.78624,0.78735,0.0011099999999999444,0.1,0.1,14.1,0.0,-0.5,13.6,0.78413,0.78734,DEMO,FTMO-Demo,,False,,,,,,,,,0,,,,,False,no_valid_strategy_id
1513550384,461223481,442580838,USDCHF,USDCHF,BUY,52,[tp 0.78338],2026-06-01 09:15:00+00:00,2026-06-01 10:43:43+00:00,0.7825100000000001,0.78338,0.0008699999999998154,0.1,0.1,11.11,0.0,-0.5,10.61,0.77499,0.78338,DEMO,FTMO-Demo,,False,3.17.186,BOTH,BOTH,M15,USDCHF_52_3.17.186_BOTH_M15.mq5,ea_symbol_magic_direction,HIGH,exact_match_from_quant_system_db,0,,52,USDCHF_52_3.17.186_BOTH,ea_inventory_both,True,
1513550384,464049255,446118092,USDCHF,USDCHF,BUY,52,Strategy_3_17_186,2026-06-04 03:15:01+00:00,2026-06-04 23:45:00+00:00,0.79111,0.78952,-0.0015899999999999803,0.1,0.1,-20.14,0.0,-0.5,-20.64,0.78361,0.7923,DEMO,FTMO-Demo,3.17.186,False,3.17.186,BOTH,BOTH,M15,USDCHF_52_3.17.186_BOTH_M15.mq5,ea_symbol_magic_direction,HIGH,exact_match_from_quant_system_db,0,,52,USDCHF_52_3.17.186_BOTH,ea_inventory_both,True,
1513550384,461183103,442821532,USDCHF,USDCHF,BUY,53,[tp 0.78523],2026-06-01 08:00:00+00:00,2026-06-01 16:00:08+00:00,0.78302,0.7852300000000001,0.0022100000000000453,0.1,0.1,28.14,0.0,-0.5,27.64,0.77752,0.78523,DEMO,FTMO-Demo,,False,6.47.153,BOTH,BOTH,M15,USDCHF_53_6.47.153_BOTH_M15.mq5,ea_symbol_magic_direction,HIGH,exact_match_from_quant_system_db,0,,53,USDCHF_53_6.47.153_BOTH,ea_inventory_both,True,
1513550384,462556508,444162078,USDCHF,USDCHF,BUY,53,Strategy_6_47_153,2026-06-02 16:30:00+00:00,2026-06-02 23:45:00+00:00,0.786,0.78705,0.0010499999999999954,0.1,0.1,13.34,0.0,-0.5,12.84,0.7805,0.78852,DEMO,FTMO-Demo,6.47.153,False,6.47.153,BOTH,BOTH,M15,USDCHF_53_6.47.153_BOTH_M15.mq5,ea_symbol_magic_direction,HIGH,exact_match_from_quant_system_db,0,,53,USDCHF_53_6.47.153_BOTH,ea_inventory_both,True,
1513550384,463005720,444707339,USDCHF,USDCHF,BUY,53,[tp 0.79046],2026-06-03 02:45:02+00:00,2026-06-03 15:38:50+00:00,0.78823,0.79046,0.0022300000000000653,0.1,0.1,28.21,0.0,-0.5,27.71,0.78273,0.79046,DEMO,FTMO-Demo,,False,6.47.153,BOTH,BOTH,M15,USDCHF_53_6.47.153_BOTH_M15.mq5,ea_symbol_magic_direction,HIGH,exact_match_from_quant_system_db,0,,53,USDCHF_53_6.47.153_BOTH,ea_inventory_both,True,
1513550384,461396810,442829153,USDCHF,USDCHF,BUY,55,[tp 0.78562],2026-06-01 13:00:00+00:00,2026-06-01 16:04:52+00:00,0.78402,0.78572,0.0016999999999999238,0.1,0.1,21.64,0.0,-0.5,21.14,0.78083,0.78562,DEMO,FTMO-Demo,,False,6.23.134,BUY,BUY,M15,USDCHF_55_6.23.134_BUY_M15.mq5,ea_symbol_magic_direction,HIGH,exact_match_from_quant_system_db,0,,55,USDCHF_55_6.23.134_BUY,single_direction,True,
1513550384,462806451,444162088,USDCHF,USDCHF,BUY,55,Strategy 6.23.134,2026-06-02 19:45:03+00:00,2026-06-02 23:45:00+00:00,0.78738,0.78705,-0.00032999999999994145,0.1,0.1,-4.19,0.0,-0.5,-4.69,0.78392,0.7891,DEMO,FTMO-Demo,6.23.134,False,6.23.134,BUY,BUY,M15,USDCHF_55_6.23.134_BUY_M15.mq5,ea_symbol_magic_direction,HIGH,exact_match_from_quant_system_db,0,,55,USDCHF_55_6.23.134_BUY,single_direction,True,
1513550384,463005721,444690833,USDCHF,USDCHF,BUY,55,[tp 0.78953],2026-06-03 02:45:02+00:00,2026-06-03 15:27:54+00:00,0.78823,0.78956,0.0013300000000000534,0.1,0.1,16.84,0.0,-0.5,16.34,0.7856,0.78953,DEMO,FTMO-Demo,,False,6.23.134,BUY,BUY,M15,USDCHF_55_6.23.134_BUY_M15.mq5,ea_symbol_magic_direction,HIGH,exact_match_from_quant_system_db,0,,55,USDCHF_55_6.23.134_BUY,single_direction,True,
1513550384,461189629,442810612,USDCHF,USDCHF,BUY,83,[tp 0.78488],2026-06-01 08:15:09+00:00,2026-06-01 15:49:00+00:00,0.7828000000000002,0.78488,0.0020799999999998597,0.1,0.1,26.5,0.0,-0.5,26.0,0.78136,0.78488,DEMO,FTMO-Demo,,False,6.37.145,BUY,BUY,M15,USDCHF_83_6.37.145_BUY_M15.mq5,ea_symbol_magic_direction,HIGH,exact_match_from_quant_system_db,0,,83,USDCHF_83_6.37.145_BUY,single_direction,True,
1513550384,462235559,443501879,USDCHF,USDCHF,BUY,83,[sl 0.78449],2026-06-02 09:15:00+00:00,2026-06-02 09:38:47+00:00,0.78574,0.7845,-0.0012400000000000189,0.1,0.1,-15.81,0.0,-0.5,-16.310000000000002,0.78449,0.78752,DEMO,FTMO-Demo,,False,6.37.145,BUY,BUY,M15,USDCHF_83_6.37.145_BUY_M15.mq5,ea_symbol_magic_direction,HIGH,exact_match_from_quant_system_db,0,,83,USDCHF_83_6.37.145_BUY,single_direction,True,
1513550384,464454719,446118090,USDCHF,USDCHF,BUY,83,Strategy 6.37.145,2026-06-04 14:15:00+00:00,2026-06-04 23:45:00+00:00,0.78816,0.78952,0.0013600000000000279,0.1,0.1,17.23,0.0,-0.5,16.73,0.78612,0.79115,DEMO,FTMO-Demo,6.37.145,False,6.37.145,BUY,BUY,M15,USDCHF_83_6.37.145_BUY_M15.mq5,ea_symbol_magic_direction,HIGH,exact_match_from_quant_system_db,0,,83,USDCHF_83_6.37.145_BUY,single_direction,True,
1513550384,461579989,443244533,USDJPY,USDJPY,BUY,37,Strategy 0.18430,2026-06-01 16:15:00+00:00,2026-06-01 23:45:00+00:00,159.648,159.661,0.01300000000000523,0.1,0.1,0.81,0.0,-0.5,0.31000000000000005,159.248,160.448,DEMO,FTMO-Demo,0.18430,False,0.18430,BUY,BUY,M15,USDJPY_37_0.18430_BUY_M15.mq5,ea_symbol_magic_direction,HIGH,exact_match_from_quant_system_db,0,,37,USDJPY_37_0.18430_BUY,single_direction,True,
1513550384,462388671,444162091,USDJPY,USDJPY,BUY,37,Strategy 0.18430,2026-06-02 13:00:00+00:00,2026-06-02 23:45:00+00:00,159.744,159.928,0.1839999999999975,0.1,0.1,11.51,0.0,-0.5,11.01,159.344,160.544,DEMO,FTMO-Demo,0.18430,False,0.18430,BUY,BUY,M15,USDJPY_37_0.18430_BUY_M15.mq5,ea_symbol_magic_direction,HIGH,exact_match_from_quant_system_db,0,,37,USDJPY_37_0.18430_BUY,single_direction,True,
1513550384,461946621,443244529,USDJPY,USDJPY,BUY,38,Strategy 1.35.168,2026-06-01 22:00:00+00:00,2026-06-01 23:45:00+00:00,159.757,159.661,-0.09600000000000364,0.1,0.1,-6.01,0.0,-0.5,-6.51,159.211,160.911,DEMO,FTMO-Demo,1.35.168,False,1.35.168,BUY,BUY,M15,USDJPY_38_1.35.168_BUY_M15.mq5,ea_symbol_magic_direction,HIGH,exact_match_from_quant_system_db,0,,38,USDJPY_38_1.35.168_BUY,single_direction,True,
1513550384,462130657,444162081,USDJPY,USDJPY,BUY,38,Strategy 1.35.168,2026-06-02 05:45:01+00:00,2026-06-02 23:45:00+00:00,159.719,159.928,0.20900000000000318,0.1,0.1,13.07,0.0,-0.5,12.57,159.169,160.869,DEMO,FTMO-Demo,1.35.168,False,1.35.168,BUY,BUY,M15,USDJPY_38_1.35.168_BUY_M15.mq5,ea_symbol_magic_direction,HIGH,exact_match_from_quant_system_db,0,,38,USDJPY_38_1.35.168_BUY,single_direction,True,
1513550384,464166230,446118197,USDJPY,USDJPY,BUY,38,Strategy 1.35.168,2026-06-04 06:45:08+00:00,2026-06-04 23:45:03+00:00,159.987,160.03099999999998,0.04399999999998272,0.1,0.1,2.75,0.0,-0.5,2.25,159.436,161.136,DEMO,FTMO-Demo,1.35.168,False,1.35.168,BUY,BUY,M15,USDJPY_38_1.35.168_BUY_M15.mq5,ea_symbol_magic_direction,HIGH,exact_match_from_quant_system_db,0,,38,USDJPY_38_1.35.168_BUY,single_direction,True,
1513550384,460971597,443244532,USDJPY,USDJPY,BUY,39,Strategy 6.27.190,2026-06-01 00:15:01+00:00,2026-06-01 23:45:00+00:00,159.409,159.661,0.25200000000000955,0.1,0.1,15.78,0.0,-0.5,15.28,158.609,160.859,DEMO,FTMO-Demo,6.27.190,False,6.27.190,BUY,BUY,M15,USDJPY_39_6.27.190_BUY_M15.mq5,ea_symbol_magic_direction,HIGH,exact_match_from_quant_system_db,0,,39,USDJPY_39_6.27.190_BUY,single_direction,True,
1513550384,462111832,444162084,USDJPY,USDJPY,BUY,39,Strategy 6.27.190,2026-06-02 05:00:01+00:00,2026-06-02 23:45:00+00:00,159.707,159.928,0.22100000000000364,0.1,0.1,13.82,0.0,-0.5,13.32,158.907,161.157,DEMO,FTMO-Demo,6.27.190,False,6.27.190,BUY,BUY,M15,USDJPY_39_6.27.190_BUY_M15.mq5,ea_symbol_magic_direction,HIGH,exact_match_from_quant_system_db,0,,39,USDJPY_39_6.27.190_BUY,single_direction,True,
1513550384,463199067,445154295,USDJPY,USDJPY,BUY,39,Strategy 6.27.190,2026-06-03 09:15:01+00:00,2026-06-03 23:45:01+00:00,159.94,160.07399999999998,0.13399999999998613,0.1,0.1,8.37,0.0,-0.5,7.869999999999999,159.14,161.39,DEMO,FTMO-Demo,6.27.190,False,6.27.190,BUY,BUY,M15,USDJPY_39_6.27.190_BUY_M15.mq5,ea_symbol_magic_direction,HIGH,exact_match_from_quant_system_db,0,,39,USDJPY_39_6.27.190_BUY,single_direction,True,
1513550384,463199066,444510789,USDJPY,USDJPY,BUY,40,[sl 159.440],2026-06-03 09:15:01+00:00,2026-06-03 11:31:14+00:00,159.94,159.435,-0.5049999999999955,0.1,0.1,-31.67,0.0,-0.5,-32.17,159.44,160.79,DEMO,FTMO-Demo,,False,2.4.138,BUY,BUY,M15,USDJPY_40_2.4.138_BUY_M15.mq5,ea_symbol_magic_direction,HIGH,exact_match_from_quant_system_db,0,,40,USDJPY_40_2.4.138_BUY,single_direction,True,
1513550384,460971596,443244531,USDJPY,USDJPY,BUY,41,Strategy 2.5.150,2026-06-01 00:15:01+00:00,2026-06-01 23:45:00+00:00,159.409,159.661,0.25200000000000955,0.1,0.1,15.78,0.0,-0.5,15.28,,160.559,DEMO,FTMO-Demo,2.5.150,False,2.5.172,BUY,BUY,M15,USDJPY_41_2.5.172_BUY_M15.mq5,ea_symbol_magic_direction,HIGH,exact_match_from_quant_system_db,0,,41,USDJPY_41_2.5.172_BUY,single_direction,True,
1513550384,462052325,444162086,USDJPY,USDJPY,BUY,41,Strategy 2.5.150,2026-06-02 03:30:04+00:00,2026-06-02 23:45:00+00:00,159.68,159.928,0.24799999999999045,0.1,0.1,15.51,0.0,-0.5,15.01,,160.83,DEMO,FTMO-Demo,2.5.150,False,2.5.172,BUY,BUY,M15,USDJPY_41_2.5.172_BUY_M15.mq5,ea_symbol_magic_direction,HIGH,exact_match_from_quant_system_db,0,,41,USDJPY_41_2.5.172_BUY,single_direction,True,
1513550384,462961946,445154302,USDJPY,USDJPY,BUY,41,Strategy 2.5.150,2026-06-03 02:00:00+00:00,2026-06-03 23:45:01+00:00,159.958,160.07399999999998,0.11599999999998545,0.1,0.1,7.25,0.0,-0.5,6.75,,161.108,DEMO,FTMO-Demo,2.5.150,False,2.5.172,BUY,BUY,M15,USDJPY_41_2.5.172_BUY_M15.mq5,ea_symbol_magic_direction,HIGH,exact_match_from_quant_system_db,0,,41,USDJPY_41_2.5.172_BUY,single_direction,True,
1513550384,464159729,446118196,USDJPY,USDJPY,BUY,41,Strategy 2.5.150,2026-06-04 06:30:00+00:00,2026-06-04 23:45:03+00:00,159.966,160.03099999999998,0.0649999999999693,0.1,0.1,4.06,0.0,-0.5,3.5599999999999996,,161.115,DEMO,FTMO-Demo,2.5.150,False,2.5.172,BUY,BUY,M15,USDJPY_41_2.5.172_BUY_M15.mq5,ea_symbol_magic_direction,HIGH,exact_match_from_quant_system_db,0,,41,USDJPY_41_2.5.172_BUY,single_direction,True,
1513550384,461033798,443244518,USDJPY,USDJPY,BUY,57,Strategy_4_8_181,2026-06-01 02:45:04+00:00,2026-06-01 23:45:00+00:00,159.343,159.661,0.31800000000001205,0.1,0.1,19.92,0.0,-0.5,19.42,158.344,160.694,DEMO,FTMO-Demo,4.8.181,False,4.8.181,BUY,BUY,M15,USDJPY_57_4.8.181_BUY_M15.mq5,ea_symbol_magic_direction,HIGH,exact_match_from_quant_system_db,0,,57,USDJPY_57_4.8.181_BUY,single_direction,True,
1513550384,462082462,444162071,USDJPY,USDJPY,BUY,57,Strategy_4_8_181,2026-06-02 04:15:00+00:00,2026-06-02 23:45:00+00:00,159.648,159.928,0.28000000000000114,0.1,0.1,17.51,0.0,-0.5,17.01,158.648,160.998,DEMO,FTMO-Demo,4.8.181,False,4.8.181,BUY,BUY,M15,USDJPY_57_4.8.181_BUY_M15.mq5,ea_symbol_magic_direction,HIGH,exact_match_from_quant_system_db,0,,57,USDJPY_57_4.8.181_BUY,single_direction,True,
1513550384,463021254,445154296,USDJPY,USDJPY,BUY,57,Strategy_4_8_181,2026-06-03 03:15:00+00:00,2026-06-03 23:45:01+00:00,159.963,160.07399999999998,0.11099999999999,0.1,0.1,6.93,0.0,-0.5,6.43,158.963,161.313,DEMO,FTMO-Demo,4.8.181,False,4.8.181,BUY,BUY,M15,USDJPY_57_4.8.181_BUY_M15.mq5,ea_symbol_magic_direction,HIGH,exact_match_from_quant_system_db,0,,57,USDJPY_57_4.8.181_BUY,single_direction,True,
1513550384,461248009,443244521,USDJPY,USDJPY,BUY,95,Strategy 1.17.152,2026-06-01 09:45:00+00:00,2026-06-01 23:45:00+00:00,159.486,159.661,0.17500000000001137,0.1,0.1,10.96,0.0,-0.5,10.46,158.982,160.382,DEMO,FTMO-Demo,1.17.152,False,1.17.152,BUY,BUY,M15,USDJPY_95_1.17.152_BUY_M15.mq5,ea_symbol_magic_direction,HIGH,exact_match_from_quant_system_db,0,,95,USDJPY_95_1.17.152_BUY,single_direction,True,
1513550384,462159454,444162073,USDJPY,USDJPY,BUY,95,Strategy 1.17.152,2026-06-02 07:00:04+00:00,2026-06-02 23:45:00+00:00,159.721,159.928,0.20699999999999363,0.1,0.1,12.94,0.0,-0.5,12.44,159.221,160.621,DEMO,FTMO-Demo,1.17.152,False,1.17.152,BUY,BUY,M15,USDJPY_95_1.17.152_BUY_M15.mq5,ea_symbol_magic_direction,HIGH,exact_match_from_quant_system_db,0,,95,USDJPY_95_1.17.152_BUY,single_direction,True,
1513550384,463187254,444510800,USDJPY,USDJPY,BUY,95,[sl 159.431],2026-06-03 09:00:00+00:00,2026-06-03 11:31:14+00:00,159.932,159.435,-0.4969999999999857,0.1,0.1,-31.17,0.0,-0.5,-31.67,159.431,160.831,DEMO,FTMO-Demo,,False,1.17.152,BUY,BUY,M15,USDJPY_95_1.17.152_BUY_M15.mq5,ea_symbol_magic_direction,HIGH,exact_match_from_quant_system_db,0,,95,USDJPY_95_1.17.152_BUY,single_direction,True,
1513550384,464166229,446118195,USDJPY,USDJPY,BUY,95,Strategy 1.17.152,2026-06-04 06:45:08+00:00,2026-06-04 23:45:03+00:00,159.987,160.03099999999998,0.04399999999998272,0.1,0.1,2.75,0.0,-0.5,2.25,159.486,160.886,DEMO,FTMO-Demo,1.17.152,False,1.17.152,BUY,BUY,M15,USDJPY_95_1.17.152_BUY_M15.mq5,ea_symbol_magic_direction,HIGH,exact_match_from_quant_system_db,0,,95,USDJPY_95_1.17.152_BUY,single_direction,True,
1513550384,463441531,444695652,USOIL.cash,USOIL,BUY,42,[tp 98.137],2026-06-03 14:15:00+00:00,2026-06-03 15:31:02+00:00,97.587,98.144,0.5570000000000022,0.1,0.1,5.57,0.0,0.0,5.57,95.535,98.137,DEMO,FTMO-Demo,,False,1.25.121,BUY,BUY,M15,USOIL.cash_42_1.25.121_BUY_M15.mq5,ea_symbol_magic_direction,HIGH,exact_match_from_quant_system_db,0,,42,USOIL_42_1.25.121_BUY,single_direction,True,
1513550384,463989639,445642541,USOIL.cash,USOIL,BUY,42,[sl 95.193],2026-06-04 01:15:07+00:00,2026-06-04 14:39:53+00:00,97.283,95.189,-2.0940000000000083,0.1,0.1,-20.94,0.0,0.0,-20.94,95.193,97.833,DEMO,FTMO-Demo,,False,1.25.121,BUY,BUY,M15,USOIL.cash_42_1.25.121_BUY_M15.mq5,ea_symbol_magic_direction,HIGH,exact_match_from_quant_system_db,0,,42,USOIL_42_1.25.121_BUY,single_direction,True,
1513550384,464012616,445299016,USOIL.cash,USOIL,BUY,43,[sl 96.392],2026-06-04 02:00:00+00:00,2026-06-04 05:21:37+00:00,96.922,96.389,-0.5330000000000013,0.1,0.1,-5.33,0.0,0.0,-5.33,96.392,97.897,DEMO,FTMO-Demo,,False,5.11.112,BUY,BUY,M15,USOIL.cash_43_5.11.112_BUY_M15.mq5,ea_symbol_magic_direction,HIGH,exact_match_from_quant_system_db,0,,43,USOIL_43_5.11.112_BUY,single_direction,True,
1513550384,462025401,443344090,USOIL.cash,USOIL,BUY,44,[sl 93.353],2026-06-02 02:45:00+00:00,2026-06-02 04:36:43+00:00,93.978,93.375,-0.6029999999999944,0.1,0.1,-6.03,0.0,0.0,-6.03,93.353,94.613,DEMO,FTMO-Demo,,False,6.17.127,BUY,BUY,M15,USOIL.cash_44_6.17.127_BUY_M15.mq5,ea_symbol_magic_direction,HIGH,exact_match_from_quant_system_db,0,,44,USOIL_44_6.17.127_BUY,single_direction,True,
1513550384,463549616,444833160,USOIL.cash,USOIL,BUY,44,[sl 96.372],2026-06-03 16:15:00+00:00,2026-06-03 16:54:24+00:00,96.997,96.365,-0.632000000000005,0.1,0.1,-6.32,0.0,0.0,-6.32,96.372,97.632,DEMO,FTMO-Demo,,False,6.17.127,BUY,BUY,M15,USOIL.cash_44_6.17.127_BUY_M15.mq5,ea_symbol_magic_direction,HIGH,exact_match_from_quant_system_db,0,,44,USOIL_44_6.17.127_BUY,single_direction,True,
1513550384,463989638,445270730,USOIL.cash,USOIL,BUY,44,[sl 96.658],2026-06-04 01:15:07+00:00,2026-06-04 04:30:01+00:00,97.283,96.659,-0.6239999999999952,0.1,0.1,-6.24,0.0,0.0,-6.24,96.658,97.918,DEMO,FTMO-Demo,,False,6.17.127,BUY,BUY,M15,USOIL.cash_44_6.17.127_BUY_M15.mq5,ea_symbol_magic_direction,HIGH,exact_match_from_quant_system_db,0,,44,USOIL_44_6.17.127_BUY,single_direction,True,
1513550384,461015036,442345014,USOIL.cash,USOIL,BUY,54,[sl 91.189],2026-06-01 02:00:00+00:00,2026-06-01 02:30:42+00:00,91.659,91.166,-0.4930000000000092,0.1,0.1,-4.93,0.0,0.0,-4.93,91.189,92.154,DEMO,FTMO-Demo,,False,4.18.190,BOTH,BOTH,M15,USOIL.cash_54_4.18.190_BOTH_M15.mq5,ea_symbol_magic_direction,HIGH,exact_match_from_quant_system_db,0,,54,USOIL_54_4.18.190_BOTH,ea_inventory_both,True,
1513550384,462012115,443276412,USOIL.cash,USOIL,BUY,54,[sl 93.748],2026-06-02 02:00:00+00:00,2026-06-02 02:40:28+00:00,94.218,93.72,-0.49800000000000466,0.1,0.1,-4.98,0.0,0.0,-4.98,93.748,94.713,DEMO,FTMO-Demo,,False,4.18.190,BOTH,BOTH,M15,USOIL.cash_54_4.18.190_BOTH_M15.mq5,ea_symbol_magic_direction,HIGH,exact_match_from_quant_system_db,0,,54,USOIL_54_4.18.190_BOTH,ea_inventory_both,True,
1513550384,465144344,446286754,USOIL.cash,USOIL,BUY,54,[sl 94.461],2026-06-05 06:00:00+00:00,2026-06-05 07:05:26+00:00,94.931,94.443,-0.48799999999999955,0.1,0.1,-4.88,0.0,0.0,-4.88,94.461,95.426,DEMO,FTMO-Demo,,False,4.18.190,BOTH,BOTH,M15,USOIL.cash_54_4.18.190_BOTH_M15.mq5,ea_symbol_magic_direction,HIGH,exact_match_from_quant_system_db,0,,54,USOIL_54_4.18.190_BOTH,ea_inventory_both,True,
1513550384,462052095,443314866,XAUUSD,XAUUSD,BUY,45,[sl 4482.49],2026-06-02 03:30:00+00:00,2026-06-02 03:49:34+00:00,4493.93,4482.45,-11.480000000000473,0.1,0.1,-114.8,0.0,-0.62,-115.42,4482.49,4505.44,DEMO,FTMO-Demo,,False,2.13.130,BUY,BUY,M15,XAUUSD_45_2.13.130_BUY_M15.mq5,ea_symbol_magic_direction,HIGH,exact_match_from_quant_system_db,0,,45,XAUUSD_45_2.13.130_BUY,single_direction,True,
1513550384,464038826,445240084,XAUUSD,XAUUSD,BUY,45,[sl 4445.70],2026-06-04 03:00:00+00:00,2026-06-04 03:38:43+00:00,4456.02,4445.75,-10.270000000000437,0.1,0.1,-102.7,0.0,-0.62,-103.32000000000001,4445.7,4468.65,DEMO,FTMO-Demo,,False,2.13.130,BUY,BUY,M15,XAUUSD_45_2.13.130_BUY_M15.mq5,ea_symbol_magic_direction,HIGH,exact_match_from_quant_system_db,0,,45,XAUUSD_45_2.13.130_BUY,single_direction,True,
1513550384,461993769,443305434,XAUUSD,XAUUSD,BUY,58,[tp 4494.71],2026-06-02 01:15:02+00:00,2026-06-02 03:32:02+00:00,4484.23,4494.96,10.730000000000473,0.1,0.1,107.3,0.0,-0.62,106.67999999999999,4474.51,4494.71,DEMO,FTMO-Demo,,False,5.6.136,BUY,BUY,M15,XAUUSD_58_5.6.136_BUY_M15.mq5,ea_symbol_magic_direction,HIGH,exact_match_from_quant_system_db,0,,58,XAUUSD_58_5.6.136_BUY,single_direction,True,
1513550384,463122468,444350979,XAUUSD,XAUUSD,BUY,58,[sl 4474.88],2026-06-03 06:45:00+00:00,2026-06-03 07:31:58+00:00,4484.82,4474.84,-9.979999999999563,0.1,0.1,-99.8,0.0,-0.62,-100.42,4474.88,4495.08,DEMO,FTMO-Demo,,False,5.6.136,BUY,BUY,M15,XAUUSD_58_5.6.136_BUY_M15.mq5,ea_symbol_magic_direction,HIGH,exact_match_from_quant_system_db,0,,58,XAUUSD_58_5.6.136_BUY,single_direction,True,
1513550384,463142406,444376611,XAUUSD,XAUUSD,BUY,58,[sl 4463.69],2026-06-03 07:45:01+00:00,2026-06-03 08:30:36+00:00,4473.65,4461.99,-11.659999999999854,0.1,0.1,-116.6,0.0,-0.62,-117.22,4463.69,4483.89,DEMO,FTMO-Demo,,False,5.6.136,BUY,BUY,M15,XAUUSD_58_5.6.136_BUY_M15.mq5,ea_symbol_magic_direction,HIGH,exact_match_from_quant_system_db,0,,58,XAUUSD_58_5.6.136_BUY,single_direction,True,
1513550384,464029800,445212279,XAUUSD,XAUUSD,BUY,58,[tp 4464.03],2026-06-04 02:45:00+00:00,2026-06-04 02:46:06+00:00,4453.85,4464.08,10.229999999999563,0.1,0.1,102.3,0.0,-0.62,101.67999999999999,4443.83,4464.03,DEMO,FTMO-Demo,,False,5.6.136,BUY,BUY,M15,XAUUSD_58_5.6.136_BUY_M15.mq5,ea_symbol_magic_direction,HIGH,exact_match_from_quant_system_db,0,,58,XAUUSD_58_5.6.136_BUY,single_direction,True,
1513550384,464997844,446149461,XAUUSD,XAUUSD,BUY,58,[sl 4464.15],2026-06-05 01:05:00+00:00,2026-06-05 02:02:20+00:00,4474.15,4464.03,-10.11999999999989,0.1,0.1,-101.2,0.0,-0.62,-101.82000000000001,4464.15,4484.35,DEMO,FTMO-Demo,,False,5.6.136,BUY,BUY,M15,XAUUSD_58_5.6.136_BUY_M15.mq5,ea_symbol_magic_direction,HIGH,exact_match_from_quant_system_db,0,,58,XAUUSD_58_5.6.136_BUY,single_direction,True,
1513550384,460977734,442306426,XAUUSD,XAUUSD,SELL,58,[sl 4530.19],2026-06-01 01:05:01+00:00,2026-06-01 01:12:43+00:00,4520.07,4530.25,10.180000000000291,0.1,0.1,-101.8,0.0,-0.64,-102.44,4530.19,4513.59,DEMO,FTMO-Demo,,False,,,,,,,,,0,,,,,False,no_valid_strategy_id
